,title,price,availability
0,sdv-id-pxYaId,Â£25.77,In stock
1,sdv-id-eMVdjt,Â£51.22,In stock
2,sdv-id-MTYCRC,Â£11.38,In stock
3,sdv-id-WgoFTG,Â£56.37,In stock
4,sdv-id-etGTri,Â£19.43,In stock
5,sdv-id-MqrqsF,Â£13.34,In stock
6,sdv-id-OjgJBf,Â£49.47,In stock
7,sdv-id-jSGkot,Â£56.80,In stock
8,sdv-id-PDRpVs,Â£57.35,In stock
9,sdv-id-wCaZuR,Â£58.09,In stock
10,sdv-id-dMALvx,Â£36.97,In stock
11,sdv-id-vURAns,Â£26.41,In stock
12,sdv-id-rTKvFl,Â£42.12,In stock
13,sdv-id-euwBSK,Â£45.61,In stock
14,sdv-id-gIPkph,Â£24.72,In stock
15,sdv-id-TvWvYk,Â£28.26,In stock
16,sdv-id-rOkTKV,Â£34.00,In stock
17,sdv-id-pCifXb,Â£31.63,In stock
18,sdv-id-IpgCvr,Â£58.54,In stock
19,sdv-id-PXdaqV,Â£28.85,In stock
20,sdv-id-PlRZvq,Â£39.51,In stock
21,sdv-id-wuYrqU,Â£46.35,In stock
22,sdv-id-HztnAE,Â£58.05,In stock
23,sdv-id-rhkYyU,Â£52.53,In stock
24,sdv-id-IIHOgm,Â£46.23,In stock
25,sdv-id-uyHyWM,Â£13.12,In stock
26,sdv-id-LjIYnc,Â£48.75,In stock
27,sdv-id-KLZYcn,Â£54.00,In stock
28,sdv-id-orUBgm,Â£26.20,In stock
29,sdv-id-kqNEfZ,Â£51.33,In stock
30,sdv-id-NVTEpH,Â£54.11,In stock
31,sdv-id-ttQyes,Â£47.80,In stock
32,sdv-id-WHTspW,Â£48.78,In stock
33,sdv-id-GUHeOC,Â£47.44,In stock
34,sdv-id-PsMDlG,Â£48.80,In stock
35,sdv-id-XQqHXZ,Â£25.91,In stock
36,sdv-id-fGtMQu,Â£28.81,In stock
37,sdv-id-YxhYwl,Â£35.28,In stock
38,sdv-id-kekvtW,Â£42.12,In stock
39,sdv-id-oQCbQf,Â£48.64,In stock
40,sdv-id-GKqRaM,Â£41.93,In stock
41,sdv-id-gWITwo,Â£28.99,In stock
42,sdv-id-QNcccK,Â£35.67,In stock
43,sdv-id-haRVJR,Â£42.80,In stock
44,sdv-id-MUQdUe,Â£50.11,In stock
45,sdv-id-QCntCM,Â£27.43,In stock
46,sdv-id-XVGNgy,Â£19.02,In stock
47,sdv-id-DEJghR,Â£37.80,In stock
48,sdv-id-haLtWg,Â£51.17,In stock
49,sdv-id-DzDrle,Â£30.25,In stock
50,sdv-id-vxyJqS,Â£18.02,In stock
51,sdv-id-xTRLNC,Â£19.92,In stock
52,sdv-id-kSzpCI,Â£17.44,In stock
53,sdv-id-pytXMQ,Â£23.37,In stock
54,sdv-id-sLrHqs,Â£20.47,In stock
55,sdv-id-rbaesM,Â£47.82,In stock
56,sdv-id-gUwIas,Â£52.51,In stock
57,sdv-id-aRplEX,Â£53.98,In stock
58,sdv-id-lWIFQR,Â£17.66,In stock
59,sdv-id-VeNceZ,Â£56.37,In stock
60,sdv-id-QKunPg,Â£51.32,In stock
61,sdv-id-VDexjL,Â£14.19,In stock
62,sdv-id-mPmwYY,Â£51.77,In stock
63,sdv-id-UDamxT,Â£54.62,In stock
64,sdv-id-PEwtxx,Â£49.05,In stock
65,sdv-id-lxPmZa,Â£22.20,In stock
66,sdv-id-NpqHCT,Â£20.59,In stock
67,sdv-id-IDWARM,Â£41.83,In stock
68,sdv-id-LaAByq,Â£29.17,In stock
69,sdv-id-QRrnVh,Â£28.23,In stock
70,sdv-id-myMYib,Â£40.28,In stock
71,sdv-id-lHfapN,Â£14.54,In stock
72,sdv-id-kfklIS,Â£54.40,In stock
73,sdv-id-sjpKGy,Â£22.10,In stock
74,sdv-id-DrtrEp,Â£59.99,In stock
75,sdv-id-xikTNO,Â£42.38,In stock
76,sdv-id-jQghmx,Â£17.28,In stock
77,sdv-id-QnYDmt,Â£26.41,In stock
78,sdv-id-HeuXlc,Â£53.98,In stock
79,sdv-id-AxUVOU,Â£35.02,In stock
80,sdv-id-nrtOZq,Â£38.92,In stock
81,sdv-id-KQEhOw,Â£13.82,In stock
82,sdv-id-SIOWfK,Â£48.35,In stock
83,sdv-id-OSHnyA,Â£53.98,In stock
84,sdv-id-yNtkST,Â£47.27,In stock
85,sdv-id-nUYPSz,Â£33.78,In stock
86,sdv-id-DXOSBJ,Â£55.65,In stock
87,sdv-id-bltWba,Â£37.72,In stock
88,sdv-id-iZmgmS,Â£59.48,In stock
89,sdv-id-JRprgB,Â£52.72,In stock
90,sdv-id-bpjRQk,Â£37.46,In stock
91,sdv-id-ewuBYl,Â£21.07,In stock
92,sdv-id-ObUsSf,Â£55.51,In stock
93,sdv-id-BhHcOV,Â£16.62,In stock
94,sdv-id-SpexXV,Â£41.32,In stock
95,sdv-id-CyfhhY,Â£16.16,In stock
96,sdv-id-CisyFP,Â£18.46,In stock
97,sdv-id-XYPHtb,Â£11.38,In stock
98,sdv-id-xqDndQ,Â£13.66,In stock
99,sdv-id-ALgvAp,Â£51.36,In stock
100,sdv-id-MIQuEv,Â£28.34,In stock
101,sdv-id-wcbtgA,Â£42.80,In stock
102,sdv-id-VMpbAK,Â£58.09,In stock
103,sdv-id-GndQkZ,Â£25.40,In stock
104,sdv-id-NAgWMt,Â£47.27,In stock
105,sdv-id-dtfaWv,Â£19.49,In stock
106,sdv-id-TjFxNo,Â£15.38,In stock
107,sdv-id-xPitYi,Â£19.09,In stock
108,sdv-id-bYfPLY,Â£52.87,In stock
109,sdv-id-fCeykb,Â£20.50,In stock
110,sdv-id-ipEWDo,Â£41.73,In stock
111,sdv-id-sUXbgi,Â£41.93,In stock
112,sdv-id-cCpXze,Â£41.39,In stock
113,sdv-id-qnSNmY,Â£21.96,In stock
114,sdv-id-jwhTiN,Â£38.77,In stock
115,sdv-id-zdMuTp,Â£56.70,In stock
116,sdv-id-wWWrhU,Â£17.28,In stock
117,sdv-id-tGvxRS,Â£50.11,In stock
118,sdv-id-ETvxGa,Â£43.62,In stock
119,sdv-id-DfznHJ,Â£16.33,In stock
120,sdv-id-OOCxca,Â£11.83,In stock
121,sdv-id-calhXi,Â£11.89,In stock
122,sdv-id-DZPIsI,Â£20.55,In stock
123,sdv-id-vTIYQd,Â£29.38,In stock
124,sdv-id-VwqUPY,Â£45.22,In stock
125,sdv-id-BgEKkO,Â£13.22,In stock
126,sdv-id-HAEkkz,Â£20.02,In stock
127,sdv-id-zRwkOQ,Â£19.15,In stock
128,sdv-id-QNlVEm,Â£21.95,In stock
129,sdv-id-VTfsiv,Â£36.58,In stock
130,sdv-id-tkbUyi,Â£15.28,In stock
131,sdv-id-tdxbnj,Â£54.21,In stock
132,sdv-id-VzBMzA,Â£41.32,In stock
133,sdv-id-ndDeZK,Â£54.81,In stock
134,sdv-id-CspnVc,Â£29.82,In stock
135,sdv-id-XeImBZ,Â£31.58,In stock
136,sdv-id-flGWlh,Â£53.49,In stock
137,sdv-id-gwOrob,Â£50.66,In stock
138,sdv-id-pIDJQh,Â£50.35,In stock
139,sdv-id-EAkUGk,Â£40.12,In stock
140,sdv-id-NDEsbu,Â£52.35,In stock
141,sdv-id-vXKOOZ,Â£35.43,In stock
142,sdv-id-VjMStI,Â£43.45,In stock
143,sdv-id-naaGxS,Â£31.63,In stock
144,sdv-id-pmYJML,Â£38.40,In stock
145,sdv-id-piikwS,Â£23.21,In stock
146,sdv-id-TnDtjw,Â£21.12,In stock
147,sdv-id-Vataae,Â£30.60,In stock
148,sdv-id-fluitw,Â£10.41,In stock
149,sdv-id-xSFeTA,Â£43.14,In stock
150,sdv-id-iIiwrw,Â£46.45,In stock
151,sdv-id-UIeaZR,Â£12.51,In stock
152,sdv-id-fjYzSe,Â£55.99,In stock
153,sdv-id-bUeTAI,Â£22.14,In stock
154,sdv-id-KCAYdZ,Â£35.79,In stock
155,sdv-id-qHMbgc,Â£52.35,In stock
156,sdv-id-TFxXNM,Â£19.27,In stock
157,sdv-id-OaeYuc,Â£44.88,In stock
158,sdv-id-FCwGeb,Â£12.30,In stock
159,sdv-id-fgfECy,Â£14.02,In stock
160,sdv-id-vThkgH,Â£42.98,In stock
161,sdv-id-sScSQR,Â£14.08,In stock
162,sdv-id-BaXfLQ,Â£14.39,In stock
163,sdv-id-WNWscb,Â£46.96,In stock
164,sdv-id-VLsHSc,Â£44.18,In stock
165,sdv-id-ESKPIt,Â£56.91,In stock
166,sdv-id-VZlUOw,Â£42.15,In stock
167,sdv-id-plkyYC,Â£26.58,In stock
168,sdv-id-lpYgbk,Â£56.50,In stock
169,sdv-id-pZBJvt,Â£15.06,In stock
170,sdv-id-bAVVZL,Â£41.32,In stock
171,sdv-id-OaLEWg,Â£44.07,In stock
172,sdv-id-aNfPja,Â£14.36,In stock
173,sdv-id-yHQPvu,Â£21.28,In stock
174,sdv-id-uLoFfQ,Â£19.83,In stock
175,sdv-id-icvAkn,Â£52.62,In stock
176,sdv-id-vOMXSq,Â£29.69,In stock
177,sdv-id-yGXIkl,Â£45.56,In stock
178,sdv-id-Hbsmjl,Â£54.63,In stock
179,sdv-id-bTRclY,Â£46.03,In stock
180,sdv-id-cpsngS,Â£18.97,In stock
181,sdv-id-lWPRKe,Â£41.32,In stock
182,sdv-id-WClqwm,Â£59.95,In stock
183,sdv-id-FYeCSV,Â£20.90,In stock
184,sdv-id-wAnqQs,Â£48.87,In stock
185,sdv-id-EwuZZf,Â£38.40,In stock
186,sdv-id-iFJtrI,Â£48.05,In stock
187,sdv-id-khpqTs,Â£48.94,In stock
188,sdv-id-Savnwi,Â£45.51,In stock
189,sdv-id-huiBIh,Â£38.02,In stock
190,sdv-id-WYfSNn,Â£34.20,In stock
191,sdv-id-narnvQ,Â£49.47,In stock
192,sdv-id-dLmTRY,Â£45.51,In stock
193,sdv-id-lgqjzH,Â£16.33,In stock
194,sdv-id-aZnakW,Â£46.58,In stock
195,sdv-id-hxOLQr,Â£48.35,In stock
196,sdv-id-ZWedsn,Â£54.86,In stock
197,sdv-id-BTpSda,Â£48.75,In stock
198,sdv-id-xncjpS,Â£37.52,In stock
199,sdv-id-joZpBs,Â£22.14,In stock
200,sdv-id-bksTze,Â£52.15,In stock
201,sdv-id-KoCwEP,Â£28.90,In stock
202,sdv-id-junxQa,Â£36.39,In stock
203,sdv-id-twjGrH,Â£30.60,In stock
204,sdv-id-uVRcUW,Â£12.23,In stock
205,sdv-id-nYIWrf,Â£47.44,In stock
206,sdv-id-hPUZxX,Â£29.14,In stock
207,sdv-id-WKlRoY,Â£41.14,In stock
208,sdv-id-KGdfkG,Â£28.41,In stock
209,sdv-id-jQshDa,Â£49.97,In stock
210,sdv-id-GUvXaA,Â£53.71,In stock
211,sdv-id-YbAPtP,Â£43.29,In stock
212,sdv-id-GxRpAF,Â£58.81,In stock
213,sdv-id-rSRhvz,Â£10.02,In stock
214,sdv-id-lfzTgz,Â£24.96,In stock
215,sdv-id-rSBRMh,Â£35.28,In stock
216,sdv-id-FqiMGw,Â£47.09,In stock
217,sdv-id-exvSTJ,Â£24.89,In stock
218,sdv-id-uvdoGy,Â£16.78,In stock
219,sdv-id-cfVxfb,Â£44.92,In stock
220,sdv-id-qrTHSl,Â£28.26,In stock
221,sdv-id-siTEkF,Â£36.58,In stock
222,sdv-id-TjCmUk,Â£21.74,In stock
223,sdv-id-NswGMe,Â£35.88,In stock
224,sdv-id-UdATbm,Â£42.40,In stock
225,sdv-id-VWCnat,Â£46.01,In stock
226,sdv-id-uebCKj,Â£52.98,In stock
227,sdv-id-XvAyHW,Â£16.28,In stock
228,sdv-id-skzCjp,Â£20.93,In stock
229,sdv-id-BAHeeo,Â£12.87,In stock
230,sdv-id-JsfGDk,Â£58.11,In stock
231,sdv-id-GhYILt,Â£17.46,In stock
232,sdv-id-iEVxBy,Â£26.08,In stock
233,sdv-id-nkWOmZ,Â£59.92,In stock
234,sdv-id-xZNCvV,Â£39.43,In stock
235,sdv-id-MeNXMT,Â£21.00,In stock
236,sdv-id-YJTirA,Â£17.21,In stock
237,sdv-id-CLeThB,Â£16.73,In stock
238,sdv-id-cVyHwq,Â£37.60,In stock
239,sdv-id-KvgdKm,Â£39.24,In stock
240,sdv-id-ohFhTD,Â£43.14,In stock
241,sdv-id-CgUMwJ,Â£17.24,In stock
242,sdv-id-nqJMWI,Â£33.95,In stock
243,sdv-id-RrpxcZ,Â£30.95,In stock
244,sdv-id-eBvLls,Â£37.40,In stock
245,sdv-id-huyhuO,Â£21.28,In stock
246,sdv-id-pGnNUx,Â£12.47,In stock
247,sdv-id-GnpiuA,Â£38.38,In stock
248,sdv-id-AIPUUG,Â£53.71,In stock
249,sdv-id-iCKmGH,Â£43.59,In stock
250,sdv-id-XSAwoH,Â£24.42,In stock
251,sdv-id-JNzDOs,Â£54.62,In stock
252,sdv-id-WSIJaG,Â£35.02,In stock
253,sdv-id-NMNIBx,Â£14.16,In stock
254,sdv-id-iBkjwQ,Â£30.81,In stock
255,sdv-id-tzlUBz,Â£37.59,In stock
256,sdv-id-DgTbYL,Â£24.89,In stock
257,sdv-id-nBbOdA,Â£52.98,In stock
258,sdv-id-kayvrl,Â£50.35,In stock
259,sdv-id-cUIutO,Â£12.16,In stock
260,sdv-id-QYpiGo,Â£35.61,In stock
261,sdv-id-tEcXmP,Â£46.03,In stock
262,sdv-id-VjyiGj,Â£48.27,In stock
263,sdv-id-pbJdWO,Â£13.22,In stock
264,sdv-id-ZMHfUK,Â£48.96,In stock
265,sdv-id-iWawgG,Â£46.02,In stock
266,sdv-id-uTfkQY,Â£42.38,In stock
267,sdv-id-KTDDxa,Â£51.96,In stock
268,sdv-id-JGCbbY,Â£43.45,In stock
269,sdv-id-qdEltY,Â£41.56,In stock
270,sdv-id-MAvrKe,Â£47.11,In stock
271,sdv-id-JivsvP,Â£38.77,In stock
272,sdv-id-dtAZQL,Â£14.40,In stock
273,sdv-id-bkFBXd,Â£37.51,In stock
274,sdv-id-UhinXX,Â£39.67,In stock
275,sdv-id-tZhGHN,Â£20.10,In stock
276,sdv-id-bZuTPk,Â£25.01,In stock
277,sdv-id-nSrCxi,Â£12.16,In stock
278,sdv-id-VcUjPB,Â£24.73,In stock
279,sdv-id-OCJLad,Â£36.39,In stock
280,sdv-id-yXBdnH,Â£26.26,In stock
281,sdv-id-eshwSI,Â£41.56,In stock
282,sdv-id-aZXzoY,Â£43.02,In stock
283,sdv-id-CJqcdi,Â£52.41,In stock
284,sdv-id-ALgeej,Â£28.23,In stock
285,sdv-id-LYWxFi,Â£43.55,In stock
286,sdv-id-UCdmSr,Â£29.85,In stock
287,sdv-id-mjNyKp,Â£58.00,In stock
288,sdv-id-hrhLxv,Â£17.24,In stock
289,sdv-id-HnVFzw,Â£27.88,In stock
290,sdv-id-nEYEOf,Â£30.60,In stock
291,sdv-id-MxBDdi,Â£28.34,In stock
292,sdv-id-kaYrOH,Â£17.44,In stock
293,sdv-id-BemTUs,Â£51.22,In stock
294,sdv-id-mjFiMM,Â£53.90,In stock
295,sdv-id-zPwOmk,Â£50.49,In stock
296,sdv-id-aHDNrj,Â£36.91,In stock
297,sdv-id-IVnszY,Â£10.66,In stock
298,sdv-id-uhQCdz,Â£24.57,In stock
299,sdv-id-ORalaG,Â£39.36,In stock
300,sdv-id-cXqjJW,Â£51.33,In stock
301,sdv-id-FrLpXs,Â£59.48,In stock
302,sdv-id-IqHgvP,Â£41.93,In stock
303,sdv-id-ptlLZD,Â£14.19,In stock
304,sdv-id-PyFRSE,Â£56.88,In stock
305,sdv-id-RFGIBI,Â£27.80,In stock
306,sdv-id-pldZZh,Â£26.41,In stock
307,sdv-id-wtVVNj,Â£13.33,In stock
308,sdv-id-BQnuHm,Â£36.94,In stock
309,sdv-id-eabGOE,Â£11.10,In stock
310,sdv-id-ipjWAS,Â£30.66,In stock
311,sdv-id-UuGHqa,Â£18.02,In stock
312,sdv-id-rTaRhu,Â£53.51,In stock
313,sdv-id-dqyLZP,Â£52.29,In stock
314,sdv-id-fthBtk,Â£48.13,In stock
315,sdv-id-CrYeYz,Â£12.91,In stock
316,sdv-id-cpSPip,Â£27.18,In stock
317,sdv-id-ckQjIa,Â£22.50,In stock
318,sdv-id-afnwbt,Â£56.02,In stock
319,sdv-id-hifHEr,Â£45.95,In stock
320,sdv-id-cImktx,Â£33.26,In stock
321,sdv-id-UZOPmG,Â£41.62,In stock
322,sdv-id-gyGZEd,Â£25.55,In stock
323,sdv-id-fqNPzW,Â£28.08,In stock
324,sdv-id-LmsCwe,Â£56.76,In stock
325,sdv-id-LHLoYy,Â£14.19,In stock
326,sdv-id-NsjWXs,Â£47.44,In stock
327,sdv-id-HJlDuo,Â£34.00,In stock
328,sdv-id-gvRttz,Â£29.17,In stock
329,sdv-id-NYuhGa,Â£52.30,In stock
330,sdv-id-sXbTiq,Â£36.58,In stock
331,sdv-id-ojtGts,Â£28.07,In stock
332,sdv-id-Lijzho,Â£49.43,In stock
333,sdv-id-kXfdHK,Â£20.93,In stock
334,sdv-id-YSDyGw,Â£54.40,In stock
335,sdv-id-ONoBtZ,Â£10.79,In stock
336,sdv-id-TMhNLR,Â£20.50,In stock
337,sdv-id-rBgPTK,Â£52.67,In stock
338,sdv-id-iGTayz,Â£37.35,In stock
339,sdv-id-AKFzPB,Â£56.40,In stock
340,sdv-id-ZWPUfd,Â£53.90,In stock
341,sdv-id-bmKQwx,Â£48.27,In stock
342,sdv-id-QVjBRy,Â£10.90,In stock
343,sdv-id-vQzocf,Â£29.40,In stock
344,sdv-id-lSbkeF,Â£59.15,In stock
345,sdv-id-fEpLOK,Â£14.16,In stock
346,sdv-id-ZloEls,Â£21.14,In stock
347,sdv-id-mvLixb,Â£51.77,In stock
348,sdv-id-NOGmqC,Â£10.27,In stock
349,sdv-id-rEjXhH,Â£56.76,In stock
350,sdv-id-BFLmre,Â£53.49,In stock
351,sdv-id-Ndhnlc,Â£50.54,In stock
352,sdv-id-lEEGsW,Â£50.59,In stock
353,sdv-id-HrbgNK,Â£23.21,In stock
354,sdv-id-VvfQsI,Â£46.23,In stock
355,sdv-id-GUfrMH,Â£32.34,In stock
356,sdv-id-gaGEoO,Â£54.36,In stock
357,sdv-id-DqkUUV,Â£47.09,In stock
358,sdv-id-jRkxFx,Â£19.83,In stock
359,sdv-id-MjGZEN,Â£12.91,In stock
360,sdv-id-Ddxhdi,Â£17.03,In stock
361,sdv-id-pEnYvS,Â£53.51,In stock
362,sdv-id-zaoNnJ,Â£58.11,In stock
363,sdv-id-rPbTnc,Â£56.50,In stock
364,sdv-id-ZuVUYs,Â£31.19,In stock
365,sdv-id-HzkbLZ,Â£57.20,In stock
366,sdv-id-UPIqZk,Â£36.39,In stock
367,sdv-id-kUpPXo,Â£33.17,In stock
368,sdv-id-vXwoFJ,Â£21.00,In stock
369,sdv-id-mbaMGR,Â£50.44,In stock
370,sdv-id-zELMfN,Â£54.35,In stock
371,sdv-id-kFXiEG,Â£39.55,In stock
372,sdv-id-ZiITwE,Â£46.91,In stock
373,sdv-id-oHiDay,Â£20.02,In stock
374,sdv-id-OHxLNU,Â£48.13,In stock
375,sdv-id-pJMnOa,Â£19.27,In stock
376,sdv-id-GNjSNd,Â£14.16,In stock
377,sdv-id-oxUzqm,Â£55.91,In stock
378,sdv-id-zQTohX,Â£37.46,In stock
379,sdv-id-cpmceQ,Â£37.51,In stock
380,sdv-id-fXxYhz,Â£19.15,In stock
381,sdv-id-jYMkDQ,Â£31.12,In stock
382,sdv-id-SJgJBG,Â£12.30,In stock
383,sdv-id-ZuPjFl,Â£37.52,In stock
384,sdv-id-xWPeSw,Â£34.06,In stock
385,sdv-id-ByLbwN,Â£58.11,In stock
386,sdv-id-eVWBVl,Â£59.48,In stock
387,sdv-id-qrVWFd,Â£17.43,In stock
388,sdv-id-tgpKrS,Â£53.04,In stock
389,sdv-id-CjtatL,Â£23.37,In stock
390,sdv-id-ngujEY,Â£47.61,In stock
391,sdv-id-TmbFrb,Â£34.74,In stock
392,sdv-id-qaXpOk,Â£34.77,In stock
393,sdv-id-iKIGMg,Â£33.34,In stock
394,sdv-id-YWkgAc,Â£53.98,In stock
395,sdv-id-ohInJf,Â£40.72,In stock
396,sdv-id-FxsOoG,Â£34.32,In stock
397,sdv-id-tmXNTq,Â£28.25,In stock
398,sdv-id-kFZgOf,Â£41.93,In stock
399,sdv-id-fhNSqc,Â£42.15,In stock
400,sdv-id-eRCoBU,Â£36.95,In stock
401,sdv-id-upbqyv,Â£16.88,In stock
402,sdv-id-kiDsFv,Â£13.66,In stock
403,sdv-id-AVGRdl,Â£26.41,In stock
404,sdv-id-MEjzWc,Â£22.13,In stock
405,sdv-id-jkjnKd,Â£21.12,In stock
406,sdv-id-VkFziL,Â£21.12,In stock
407,sdv-id-FlCKTS,Â£35.66,In stock
408,sdv-id-xwdjVk,Â£58.99,In stock
409,sdv-id-utbFcJ,Â£29.45,In stock
410,sdv-id-kxkKbN,Â£42.15,In stock
411,sdv-id-oVnrVt,Â£46.64,In stock
412,sdv-id-jOuScI,Â£34.32,In stock
413,sdv-id-PqWMEy,Â£48.13,In stock
414,sdv-id-LSUnad,Â£49.67,In stock
415,sdv-id-zdetbT,Â£56.86,In stock
416,sdv-id-wnbqpN,Â£24.70,In stock
417,sdv-id-ECdoOp,Â£12.91,In stock
418,sdv-id-pcFtpv,Â£28.88,In stock
419,sdv-id-RsRHMT,Â£38.20,In stock
420,sdv-id-ZafbMT,Â£59.95,In stock
421,sdv-id-QFEqST,Â£48.41,In stock
422,sdv-id-PqyBhv,Â£46.01,In stock
423,sdv-id-SMSTrm,Â£14.40,In stock
424,sdv-id-KdEwXD,Â£18.46,In stock
425,sdv-id-dPEBbH,Â£14.27,In stock
426,sdv-id-ayjSsU,Â£57.36,In stock
427,sdv-id-rTUVFy,Â£26.77,In stock
428,sdv-id-gHCpVP,Â£54.81,In stock
429,sdv-id-IbjMCr,Â£46.47,In stock
430,sdv-id-ksAKLw,Â£54.04,In stock
431,sdv-id-KTwDuq,Â£59.95,In stock
432,sdv-id-frNmlV,Â£16.26,In stock
433,sdv-id-mmaDfV,Â£31.30,In stock
434,sdv-id-HRfCoR,Â£40.36,In stock
435,sdv-id-yhEwEJ,Â£44.92,In stock
436,sdv-id-EHgCYG,Â£15.77,In stock
437,sdv-id-DWfMlk,Â£52.94,In stock
438,sdv-id-uIpGPm,Â£43.27,In stock
439,sdv-id-RXkXJB,Â£59.04,In stock
440,sdv-id-UboOQU,Â£49.51,In stock
441,sdv-id-BNOylk,Â£25.83,In stock
442,sdv-id-IQGfgL,Â£32.35,In stock
443,sdv-id-QJrFZx,Â£40.87,In stock
444,sdv-id-QLsEDP,Â£56.88,In stock
445,sdv-id-weweDX,Â£12.34,In stock
446,sdv-id-EmcBjk,Â£52.29,In stock
447,sdv-id-psjACc,Â£57.42,In stock
448,sdv-id-mZRAAX,Â£48.41,In stock
449,sdv-id-wyccNu,Â£42.12,In stock
450,sdv-id-BqRnpq,Â£21.12,In stock
451,sdv-id-IunxfE,Â£49.31,In stock
452,sdv-id-nYKukl,Â£35.88,In stock
453,sdv-id-TaxPyG,Â£18.03,In stock
454,sdv-id-RptCUA,Â£51.22,In stock
455,sdv-id-RxMWbY,Â£18.78,In stock
456,sdv-id-Snqqkg,Â£11.45,In stock
457,sdv-id-gwtevE,Â£12.91,In stock
458,sdv-id-SMDaLR,Â£41.25,In stock
459,sdv-id-JdcTRO,Â£24.72,In stock
460,sdv-id-pHPPdn,Â£35.66,In stock
461,sdv-id-noMYSz,Â£15.28,In stock
462,sdv-id-AEFbJQ,Â£36.39,In stock
463,sdv-id-wDVzcG,Â£45.84,In stock
464,sdv-id-rchAoT,Â£22.11,In stock
465,sdv-id-zGaBFD,Â£20.47,In stock
466,sdv-id-DuBCYQ,Â£31.63,In stock
467,sdv-id-wYKWsn,Â£52.98,In stock
468,sdv-id-dHfOXl,Â£33.95,In stock
469,sdv-id-GBJYGN,Â£49.05,In stock
470,sdv-id-xsnxip,Â£34.77,In stock
471,sdv-id-qGRtAc,Â£37.51,In stock
472,sdv-id-BSHRkq,Â£48.56,In stock
473,sdv-id-PbNEOB,Â£45.22,In stock
474,sdv-id-ooyjVY,Â£54.64,In stock
475,sdv-id-FCCtki,Â£46.78,In stock
476,sdv-id-MYxqDQ,Â£23.89,In stock
477,sdv-id-hqowWj,Â£56.41,In stock
478,sdv-id-ynplAC,Â£49.46,In stock
479,sdv-id-TbpWqy,Â£14.75,In stock
480,sdv-id-WHyfHQ,Â£55.53,In stock
481,sdv-id-iYiRku,Â£19.43,In stock
482,sdv-id-ZyzcGG,Â£26.20,In stock
483,sdv-id-nCyZHD,Â£23.15,In stock
484,sdv-id-TYtPNd,Â£25.98,In stock
485,sdv-id-lgPzol,Â£37.40,In stock
486,sdv-id-KXYHYa,Â£56.68,In stock
487,sdv-id-KyDhcj,Â£36.80,In stock
488,sdv-id-qVRemt,Â£55.65,In stock
489,sdv-id-IxiQkB,Â£37.26,In stock
490,sdv-id-CZEwao,Â£12.61,In stock
491,sdv-id-ViuusD,Â£32.61,In stock
492,sdv-id-nSrYEr,Â£15.77,In stock
493,sdv-id-UCxvup,Â£40.79,In stock
494,sdv-id-tOgKfJ,Â£15.79,In stock
495,sdv-id-uRjdAq,Â£38.77,In stock
496,sdv-id-OOhgcC,Â£18.03,In stock
497,sdv-id-YkIoWs,Â£27.37,In stock
498,sdv-id-GONgiA,Â£12.51,In stock
499,sdv-id-qVbmyu,Â£42.12,In stock
500,sdv-id-ASHxLS,Â£13.86,In stock
501,sdv-id-ccNEQD,Â£43.02,In stock
502,sdv-id-GgYPtr,Â£59.92,In stock
503,sdv-id-FEdqRC,Â£44.10,In stock
504,sdv-id-gDZHqk,Â£45.24,In stock
505,sdv-id-BoeRMM,Â£27.70,In stock
506,sdv-id-snsuNP,Â£43.61,In stock
507,sdv-id-fFHfYE,Â£28.03,In stock
508,sdv-id-DkbcZg,Â£51.32,In stock
509,sdv-id-aKgAhj,Â£22.08,In stock
510,sdv-id-ToKvqZ,Â£49.97,In stock
511,sdv-id-GlQZwt,Â£29.85,In stock
512,sdv-id-qfUtBW,Â£52.33,In stock
513,sdv-id-uMrnCU,Â£31.05,In stock
514,sdv-id-jjepEP,Â£54.21,In stock
515,sdv-id-EqKYhI,Â£43.55,In stock
516,sdv-id-Mcmqyn,Â£19.60,In stock
517,sdv-id-wwpYGG,Â£47.72,In stock
518,sdv-id-DvkdKq,Â£13.33,In stock
519,sdv-id-ziuZsL,Â£13.73,In stock
520,sdv-id-HptjDs,Â£52.11,In stock
521,sdv-id-XfKWHF,Â£18.88,In stock
522,sdv-id-rLnfXS,Â£24.61,In stock
523,sdv-id-HLJuxl,Â£24.57,In stock
524,sdv-id-RDrbDr,Â£54.89,In stock
525,sdv-id-iejdrr,Â£20.29,In stock
526,sdv-id-SFjWOi,Â£40.44,In stock
527,sdv-id-NjRtJI,Â£16.96,In stock
528,sdv-id-rmhTqO,Â£16.96,In stock
529,sdv-id-Bgdnug,Â£33.63,In stock
530,sdv-id-hGhegC,Â£43.58,In stock
531,sdv-id-pgtRSg,Â£54.12,In stock
532,sdv-id-TnpTIh,Â£28.54,In stock
533,sdv-id-hwdect,Â£27.12,In stock
534,sdv-id-UdlqNK,Â£32.34,In stock
535,sdv-id-WmuKpJ,Â£48.96,In stock
536,sdv-id-aKoGgE,Â£39.50,In stock
537,sdv-id-GTJEov,Â£59.45,In stock
538,sdv-id-CmDESt,Â£42.98,In stock
539,sdv-id-aRZPQg,Â£41.25,In stock
540,sdv-id-Pziluf,Â£54.43,In stock
541,sdv-id-ssXOOL,Â£29.85,In stock
542,sdv-id-BSvLZD,Â£51.74,In stock
543,sdv-id-NNItjj,Â£16.64,In stock
544,sdv-id-kySORt,Â£28.48,In stock
545,sdv-id-LRILPM,Â£57.36,In stock
546,sdv-id-BrpaIm,Â£53.53,In stock
547,sdv-id-ulzZwL,Â£37.34,In stock
548,sdv-id-wMqnMO,Â£21.36,In stock
549,sdv-id-pTojoz,Â£58.59,In stock
550,sdv-id-Zhdokw,Â£31.05,In stock
551,sdv-id-Gwcbae,Â£57.70,In stock
552,sdv-id-DtJGow,Â£36.00,In stock
553,sdv-id-HplWdJ,Â£41.67,In stock
554,sdv-id-MMwrAP,Â£43.59,In stock
555,sdv-id-ZNscIn,Â£37.32,In stock
556,sdv-id-VMpEEK,Â£23.90,In stock
557,sdv-id-AZdbbi,Â£36.34,In stock
558,sdv-id-czQtcr,Â£45.51,In stock
559,sdv-id-ewTAhp,Â£49.51,In stock
560,sdv-id-FrawQF,Â£46.49,In stock
561,sdv-id-OkFIZA,Â£20.11,In stock
562,sdv-id-fwMajD,Â£14.86,In stock
563,sdv-id-QYyRJy,Â£27.12,In stock
564,sdv-id-pRlGOL,Â£47.09,In stock
565,sdv-id-APscgm,Â£16.24,In stock
566,sdv-id-CBwsTB,Â£56.48,In stock
567,sdv-id-rzPsgo,Â£15.44,In stock
568,sdv-id-CvQZKA,Â£56.59,In stock
569,sdv-id-ladMHA,Â£35.66,In stock
570,sdv-id-ZpkBVH,Â£19.21,In stock
571,sdv-id-qiyLxf,Â£32.00,In stock
572,sdv-id-rXifel,Â£49.47,In stock
573,sdv-id-czVphl,Â£45.84,In stock
574,sdv-id-GSwyFs,Â£16.28,In stock
575,sdv-id-fIwmcv,Â£45.14,In stock
576,sdv-id-ZIYSXF,Â£48.39,In stock
577,sdv-id-QxhdIB,Â£28.34,In stock
578,sdv-id-TuQogY,Â£37.34,In stock
579,sdv-id-TzKBNy,Â£58.09,In stock
580,sdv-id-bvcOOj,Â£45.07,In stock
581,sdv-id-dNWfPK,Â£52.29,In stock
582,sdv-id-dGwSib,Â£40.72,In stock
583,sdv-id-HjFDKp,Â£58.64,In stock
584,sdv-id-VUlBFg,Â£38.21,In stock
585,sdv-id-VaIRiN,Â£52.51,In stock
586,sdv-id-tgMngw,Â£40.32,In stock
587,sdv-id-FVlqIL,Â£25.85,In stock
588,sdv-id-CSPOuX,Â£41.46,In stock
589,sdv-id-UdEuDH,Â£28.45,In stock
590,sdv-id-TCMjiQ,Â£38.16,In stock
591,sdv-id-TIocRj,Â£14.74,In stock
592,sdv-id-lxVPOH,Â£41.25,In stock
593,sdv-id-xXyyDy,Â£50.40,In stock
594,sdv-id-IkoUdA,Â£24.57,In stock
595,sdv-id-gUFjdF,Â£16.16,In stock
596,sdv-id-AmrFIm,Â£16.78,In stock
597,sdv-id-fqjGgO,Â£29.64,In stock
598,sdv-id-XmfOQY,Â£43.30,In stock
599,sdv-id-teagYh,Â£19.69,In stock
600,sdv-id-ksdKbS,Â£16.68,In stock
601,sdv-id-fVuUZI,Â£42.40,In stock
602,sdv-id-xPWcGR,Â£15.08,In stock
603,sdv-id-JoZeFh,Â£20.90,In stock
604,sdv-id-vDDjBm,Â£45.42,In stock
605,sdv-id-WjUtXm,Â£22.11,In stock
606,sdv-id-gZjOiS,Â£58.54,In stock
607,sdv-id-ZWXkUk,Â£43.87,In stock
608,sdv-id-AKHtyY,Â£36.00,In stock
609,sdv-id-GqBgAV,Â£37.32,In stock
610,sdv-id-tDqshT,Â£22.08,In stock
611,sdv-id-vzmiRL,Â£56.06,In stock
612,sdv-id-ySVZDu,Â£56.76,In stock
613,sdv-id-RhhXio,Â£28.34,In stock
614,sdv-id-lAPHCH,Â£41.56,In stock
615,sdv-id-ytiiRa,Â£45.17,In stock
616,sdv-id-xiUHvB,Â£36.26,In stock
617,sdv-id-ldXFjv,Â£53.71,In stock
618,sdv-id-gDLcUZ,Â£58.05,In stock
619,sdv-id-Lmiruw,Â£58.09,In stock
620,sdv-id-HfMNIJ,Â£19.69,In stock
621,sdv-id-wWzeZo,Â£34.74,In stock
622,sdv-id-whIJiP,Â£47.80,In stock
623,sdv-id-rsiyit,Â£41.60,In stock
624,sdv-id-mXyVvq,Â£58.75,In stock
625,sdv-id-cvvxOn,Â£25.15,In stock
626,sdv-id-orKeIM,Â£23.82,In stock
627,sdv-id-tJfAFq,Â£44.48,In stock
628,sdv-id-tADZvj,Â£18.77,In stock
629,sdv-id-XATtva,Â£14.75,In stock
630,sdv-id-QwAJve,Â£50.11,In stock
631,sdv-id-byEWau,Â£42.27,In stock
632,sdv-id-IdzIkq,Â£27.41,In stock
633,sdv-id-ChCACo,Â£37.34,In stock
634,sdv-id-mUgUcb,Â£10.92,In stock
635,sdv-id-ImrMHp,Â£15.77,In stock
636,sdv-id-xGymoY,Â£56.48,In stock
637,sdv-id-MwtHPw,Â£29.99,In stock
638,sdv-id-QLxFfX,Â£19.92,In stock
639,sdv-id-Evgeif,Â£10.66,In stock
640,sdv-id-gPBMQL,Â£16.23,In stock
641,sdv-id-lNebSB,Â£12.75,In stock
642,sdv-id-hYUNms,Â£24.72,In stock
643,sdv-id-DokoKH,Â£41.67,In stock
644,sdv-id-TTZvHP,Â£34.41,In stock
645,sdv-id-HhyTZK,Â£24.55,In stock
646,sdv-id-PxCDwy,Â£54.00,In stock
647,sdv-id-VnNuDj,Â£24.61,In stock
648,sdv-id-XsEJSW,Â£52.79,In stock
649,sdv-id-kVGuYr,Â£28.82,In stock
650,sdv-id-xWYLcu,Â£29.04,In stock
651,sdv-id-LRnSuF,Â£14.54,In stock
652,sdv-id-OoZLeL,Â£45.05,In stock
653,sdv-id-sMMwtb,Â£29.65,In stock
654,sdv-id-floivF,Â£22.14,In stock
655,sdv-id-YyXvmH,Â£28.32,In stock
656,sdv-id-fyHDaw,Â£58.79,In stock
657,sdv-id-XXVpRO,Â£51.48,In stock
658,sdv-id-arlMFx,Â£58.00,In stock
659,sdv-id-QVvNDv,Â£30.48,In stock
660,sdv-id-TWPZpB,Â£12.75,In stock
661,sdv-id-EvLUaO,Â£36.58,In stock
662,sdv-id-zEOqTq,Â£21.82,In stock
663,sdv-id-SMsLxj,Â£23.99,In stock
664,sdv-id-XjMSPX,Â£47.82,In stock
665,sdv-id-UQJFvZ,Â£48.80,In stock
666,sdv-id-SjWszV,Â£52.30,In stock
667,sdv-id-DXJWUq,Â£44.21,In stock
668,sdv-id-pMHvPh,Â£57.36,In stock
669,sdv-id-nkpuIg,Â£19.57,In stock
670,sdv-id-HfAEWB,Â£55.85,In stock
671,sdv-id-dnNVTO,Â£30.89,In stock
672,sdv-id-boKRZO,Â£34.95,In stock
673,sdv-id-EWPtdt,Â£21.80,In stock
674,sdv-id-SXaKiG,Â£19.02,In stock
675,sdv-id-NoYOuo,Â£34.93,In stock
676,sdv-id-TnmtuX,Â£20.44,In stock
677,sdv-id-aJxnCJ,Â£56.59,In stock
678,sdv-id-CacHzX,Â£23.15,In stock
679,sdv-id-tLldtq,Â£39.61,In stock
680,sdv-id-EGvfhN,Â£56.41,In stock
681,sdv-id-EiEXqO,Â£51.04,In stock
682,sdv-id-BjqIVN,Â£21.12,In stock
683,sdv-id-eRPQAu,Â£35.43,In stock
684,sdv-id-ersrrq,Â£10.93,In stock
685,sdv-id-mUVqkO,Â£19.63,In stock
686,sdv-id-OSgNFW,Â£21.74,In stock
687,sdv-id-zGqzFU,Â£37.25,In stock
688,sdv-id-KnGFqm,Â£19.83,In stock
689,sdv-id-VcfgZH,Â£19.18,In stock
690,sdv-id-gXwJPX,Â£52.37,In stock
691,sdv-id-tjorQs,Â£41.32,In stock
692,sdv-id-kaZjUk,Â£29.38,In stock
693,sdv-id-Cppqiu,Â£36.25,In stock
694,sdv-id-aEQxSb,Â£29.45,In stock
695,sdv-id-kIMnbA,Â£34.53,In stock
696,sdv-id-YLbWeZ,Â£16.28,In stock
697,sdv-id-ZpjRaM,Â£25.83,In stock
698,sdv-id-iaMHQi,Â£53.51,In stock
699,sdv-id-qKrYTe,Â£52.15,In stock
700,sdv-id-XFHrOk,Â£36.58,In stock
701,sdv-id-HOvVpB,Â£50.59,In stock
702,sdv-id-MwCSnL,Â£18.77,In stock
703,sdv-id-uSVKsp,Â£40.11,In stock
704,sdv-id-jYCbQn,Â£17.73,In stock
705,sdv-id-SzDmeM,Â£22.08,In stock
706,sdv-id-PwaNJZ,Â£22.85,In stock
707,sdv-id-HMcBxc,Â£53.51,In stock
708,sdv-id-sXsISx,Â£19.18,In stock
709,sdv-id-bDalca,Â£38.28,In stock
710,sdv-id-VwhKbZ,Â£22.11,In stock
711,sdv-id-AnOadk,Â£24.80,In stock
712,sdv-id-CZKbAE,Â£41.46,In stock
713,sdv-id-mrreBK,Â£37.59,In stock
714,sdv-id-TqOYdy,Â£32.97,In stock
715,sdv-id-EOnErz,Â£37.60,In stock
716,sdv-id-nxrvWS,Â£21.96,In stock
717,sdv-id-YIIFvA,Â£37.34,In stock
718,sdv-id-jywXtj,Â£34.74,In stock
719,sdv-id-KjamfY,Â£14.16,In stock
720,sdv-id-wUzCQy,Â£36.25,In stock
721,sdv-id-ngSsZS,Â£34.95,In stock
722,sdv-id-MrwGTa,Â£35.61,In stock
723,sdv-id-ZaICKr,Â£41.24,In stock
724,sdv-id-qHTdGz,Â£46.91,In stock
725,sdv-id-OfgQCb,Â£15.52,In stock
726,sdv-id-wWkIVj,Â£28.93,In stock
727,sdv-id-WjQyxS,Â£11.23,In stock
728,sdv-id-zONssc,Â£29.38,In stock
729,sdv-id-FXovlZ,Â£29.48,In stock
730,sdv-id-cgeuaM,Â£17.08,In stock
731,sdv-id-Nyswbe,Â£41.73,In stock
732,sdv-id-JFbGxq,Â£36.89,In stock
733,sdv-id-wdKdOA,Â£12.16,In stock
734,sdv-id-VDhDvC,Â£52.67,In stock
735,sdv-id-ypgZYd,Â£19.49,In stock
736,sdv-id-Jrnplw,Â£43.29,In stock
737,sdv-id-UKmMjo,Â£24.73,In stock
738,sdv-id-dXbehQ,Â£14.02,In stock
739,sdv-id-okvDfU,Â£48.67,In stock
740,sdv-id-jzqSDr,Â£27.80,In stock
741,sdv-id-PhgnGy,Â£43.14,In stock
742,sdv-id-sEkcWP,Â£34.74,In stock
743,sdv-id-fmbMiK,Â£37.51,In stock
744,sdv-id-ivWBde,Â£23.21,In stock
745,sdv-id-BQjaUG,Â£38.89,In stock
746,sdv-id-hLHUCL,Â£59.45,In stock
747,sdv-id-nCwsPu,Â£14.07,In stock
748,sdv-id-oFRBfD,Â£39.24,In stock
749,sdv-id-vQHCaU,Â£36.52,In stock
750,sdv-id-ngiFKp,Â£16.88,In stock
751,sdv-id-IwNDHB,Â£56.50,In stock
752,sdv-id-Bijzac,Â£20.47,In stock
753,sdv-id-wSBpVE,Â£50.10,In stock
754,sdv-id-iLFWsI,Â£36.94,In stock
755,sdv-id-tyqmnr,Â£55.91,In stock
756,sdv-id-BDtzTg,Â£35.88,In stock
757,sdv-id-fsYWbi,Â£42.78,In stock
758,sdv-id-nmCaWn,Â£27.26,In stock
759,sdv-id-FWhCyt,Â£31.77,In stock
760,sdv-id-ViHfRV,Â£22.96,In stock
761,sdv-id-zlQNCF,Â£45.11,In stock
762,sdv-id-VtPuFi,Â£20.66,In stock
763,sdv-id-oCFxbp,Â£42.27,In stock
764,sdv-id-lvnpgg,Â£42.15,In stock
765,sdv-id-LaYWRQ,Â£13.12,In stock
766,sdv-id-GKfMct,Â£51.15,In stock
767,sdv-id-IHzHcH,Â£36.28,In stock
768,sdv-id-TwVxrf,Â£27.26,In stock
769,sdv-id-JMwsUU,Â£42.57,In stock
770,sdv-id-kPLUuS,Â£28.26,In stock
771,sdv-id-PJwbGn,Â£38.85,In stock
772,sdv-id-AqGoWz,Â£32.61,In stock
773,sdv-id-mSyUZJ,Â£52.67,In stock
774,sdv-id-GZXTAQ,Â£11.83,In stock
775,sdv-id-DTbMoR,Â£56.68,In stock
776,sdv-id-PhOMrM,Â£42.57,In stock
777,sdv-id-QueJfe,Â£20.89,In stock
778,sdv-id-sIpyBR,Â£13.73,In stock
779,sdv-id-URjzfa,Â£39.07,In stock
780,sdv-id-ZOaMVG,Â£37.80,In stock
781,sdv-id-qRxdxi,Â£16.26,In stock
782,sdv-id-OKhNrN,Â£11.11,In stock
783,sdv-id-cczjRL,Â£56.37,In stock
784,sdv-id-WIHAQc,Â£43.19,In stock
785,sdv-id-eiwjvl,Â£29.17,In stock
786,sdv-id-dRyYfS,Â£56.88,In stock
787,sdv-id-XMibsM,Â£21.82,In stock
788,sdv-id-vUCqnZ,Â£39.07,In stock
789,sdv-id-BSVveG,Â£36.58,In stock
790,sdv-id-evDGUw,Â£33.26,In stock
791,sdv-id-YFELhB,Â£10.76,In stock
792,sdv-id-JWHhox,Â£22.00,In stock
793,sdv-id-NYGDSm,Â£18.78,In stock
794,sdv-id-LYejWm,Â£55.51,In stock
795,sdv-id-XYkSAL,Â£44.21,In stock
796,sdv-id-DjsTgS,Â£54.23,In stock
797,sdv-id-HXZxMb,Â£44.14,In stock
798,sdv-id-VdfFGi,Â£45.13,In stock
799,sdv-id-FNVzZf,Â£49.31,In stock
800,sdv-id-tUDvpX,Â£10.23,In stock
801,sdv-id-olHuOP,Â£27.35,In stock
802,sdv-id-rqXpfO,Â£21.12,In stock
803,sdv-id-xVuzyy,Â£18.02,In stock
804,sdv-id-JyMfqS,Â£38.16,In stock
805,sdv-id-HrCrKI,Â£17.43,In stock
806,sdv-id-JFiQYs,Â£30.66,In stock
807,sdv-id-CNBInP,Â£24.72,In stock
808,sdv-id-dckSdG,Â£36.94,In stock
809,sdv-id-AAdpBK,Â£19.53,In stock
810,sdv-id-EDLULA,Â£35.92,In stock
811,sdv-id-tArTQi,Â£56.54,In stock
812,sdv-id-bOrtuV,Â£42.98,In stock
813,sdv-id-zFYXPq,Â£28.77,In stock
814,sdv-id-KWbYnH,Â£29.82,In stock
815,sdv-id-fmCRaB,Â£47.67,In stock
816,sdv-id-PECifH,Â£20.02,In stock
817,sdv-id-mndbzV,Â£20.22,In stock
818,sdv-id-WuebKQ,Â£22.00,In stock
819,sdv-id-izWrlj,Â£19.67,In stock
820,sdv-id-nJsYbl,Â£41.81,In stock
821,sdv-id-ulBLRv,Â£13.66,In stock
822,sdv-id-ypdtTX,Â£40.83,In stock
823,sdv-id-RoiVpn,Â£42.16,In stock
824,sdv-id-lnKwCD,Â£59.95,In stock
825,sdv-id-OSttJf,Â£44.21,In stock
826,sdv-id-WVdPVx,Â£43.27,In stock
827,sdv-id-qKDvYY,Â£54.07,In stock
828,sdv-id-fPShaQ,Â£52.86,In stock
829,sdv-id-hKlLtX,Â£11.11,In stock
830,sdv-id-VMCqDu,Â£33.34,In stock
831,sdv-id-gJIrtv,Â£39.39,In stock
832,sdv-id-EacTzn,Â£14.08,In stock
833,sdv-id-yGRQTD,Â£20.12,In stock
834,sdv-id-KBgbpl,Â£22.10,In stock
835,sdv-id-mGWAKX,Â£34.74,In stock
836,sdv-id-IKUfBO,Â£25.77,In stock
837,sdv-id-zRNUOn,Â£39.61,In stock
838,sdv-id-FFhXAb,Â£32.42,In stock
839,sdv-id-AMseDG,Â£33.23,In stock
840,sdv-id-XpwxIG,Â£17.43,In stock
841,sdv-id-HnHmZH,Â£27.70,In stock
842,sdv-id-cxarto,Â£36.25,In stock
843,sdv-id-FWTKTw,Â£12.34,In stock
844,sdv-id-YZcaMC,Â£58.54,In stock
845,sdv-id-TLCOZo,Â£53.98,In stock
846,sdv-id-LCDKBI,Â£34.96,In stock
847,sdv-id-rwbxoD,Â£17.81,In stock
848,sdv-id-ZpAolg,Â£20.50,In stock
849,sdv-id-mIKPlI,Â£38.49,In stock
850,sdv-id-WjZveF,Â£16.73,In stock
851,sdv-id-ANCCLm,Â£46.42,In stock
852,sdv-id-uPHyOW,Â£32.61,In stock
853,sdv-id-KvSWHs,Â£53.82,In stock
854,sdv-id-GwyXdy,Â£10.00,In stock
855,sdv-id-mtJBbJ,Â£53.90,In stock
856,sdv-id-iiRXbd,Â£46.91,In stock
857,sdv-id-RdIGPv,Â£58.32,In stock
858,sdv-id-HqFYiy,Â£59.95,In stock
859,sdv-id-KJLqrm,Â£29.64,In stock
860,sdv-id-TZbJQG,Â£49.31,In stock
861,sdv-id-InKfwe,Â£55.35,In stock
862,sdv-id-DNbDDn,Â£19.19,In stock
863,sdv-id-UFUAuG,Â£10.62,In stock
864,sdv-id-JydgPM,Â£59.48,In stock
865,sdv-id-XnhJKQ,Â£48.48,In stock
866,sdv-id-YTABfG,Â£26.41,In stock
867,sdv-id-lATXmn,Â£28.81,In stock
868,sdv-id-lSyjhE,Â£21.36,In stock
869,sdv-id-Eievdx,Â£18.32,In stock
870,sdv-id-upvUkm,Â£16.24,In stock
871,sdv-id-CxfViN,Â£34.98,In stock
872,sdv-id-czNRhd,Â£24.70,In stock
873,sdv-id-TclZZi,Â£58.32,In stock
874,sdv-id-SHdfQK,Â£23.99,In stock
875,sdv-id-ktCnRi,Â£24.72,In stock
876,sdv-id-XQbAto,Â£12.36,In stock
877,sdv-id-NkxMuL,Â£24.89,In stock
878,sdv-id-eYeIcr,Â£21.96,In stock
879,sdv-id-mnYnfw,Â£53.53,In stock
880,sdv-id-yrKPQc,Â£27.55,In stock
881,sdv-id-xrqFHA,Â£21.96,In stock
882,sdv-id-fizaHp,Â£11.53,In stock
883,sdv-id-DUMWHJ,Â£54.29,In stock
884,sdv-id-gPloAZ,Â£19.53,In stock
885,sdv-id-BbGTtr,Â£46.64,In stock
886,sdv-id-SnzAii,Â£41.00,In stock
887,sdv-id-lzMWMf,Â£40.36,In stock
888,sdv-id-OWNEIr,Â£52.72,In stock
889,sdv-id-YfTeac,Â£49.13,In stock
890,sdv-id-RsDUCi,Â£21.87,In stock
891,sdv-id-uYanhg,Â£19.57,In stock
892,sdv-id-ulxFdo,Â£13.71,In stock
893,sdv-id-TFOatq,Â£47.27,In stock
894,sdv-id-oFcksM,Â£50.96,In stock
895,sdv-id-yOSiah,Â£21.21,In stock
896,sdv-id-lJKovM,Â£17.49,In stock
897,sdv-id-KiyMOO,Â£34.53,In stock
898,sdv-id-rZZlIS,Â£53.51,In stock
899,sdv-id-rEneWQ,Â£43.38,In stock
900,sdv-id-kTlFXK,Â£51.32,In stock
901,sdv-id-EEBnes,Â£38.43,In stock
902,sdv-id-SvWpbx,Â£14.57,In stock
903,sdv-id-eIWBAT,Â£34.74,In stock
904,sdv-id-NzclNl,Â£30.54,In stock
905,sdv-id-HIjBTj,Â£32.38,In stock
906,sdv-id-MikHSw,Â£42.27,In stock
907,sdv-id-hhAWae,Â£52.40,In stock
908,sdv-id-sdtyMw,Â£20.88,In stock
909,sdv-id-uvAlJK,Â£18.74,In stock
910,sdv-id-mIdPef,Â£19.21,In stock
911,sdv-id-ZUPKpk,Â£12.91,In stock
912,sdv-id-Awanqd,Â£49.83,In stock
913,sdv-id-nWeYyr,Â£28.41,In stock
914,sdv-id-rtQpXO,Â£45.56,In stock
915,sdv-id-FijmJr,Â£49.03,In stock
916,sdv-id-EqLjgN,Â£18.03,In stock
917,sdv-id-iLbico,Â£17.27,In stock
918,sdv-id-gsdRiR,Â£32.38,In stock
919,sdv-id-QGnpXB,Â£43.69,In stock
920,sdv-id-IptnOu,Â£47.84,In stock
921,sdv-id-LzmTkt,Â£51.33,In stock
922,sdv-id-NJbzYC,Â£13.73,In stock
923,sdv-id-UVzUvI,Â£20.55,In stock
924,sdv-id-sWwYBo,Â£58.05,In stock
925,sdv-id-AcyeqO,Â£36.91,In stock
926,sdv-id-DRAthV,Â£14.08,In stock
927,sdv-id-MisJZS,Â£26.66,In stock
928,sdv-id-KtrtlT,Â£45.13,In stock
929,sdv-id-HxrdLy,Â£18.88,In stock
930,sdv-id-qBVgKY,Â£47.22,In stock
931,sdv-id-uKXnih,Â£52.53,In stock
932,sdv-id-XRNAJg,Â£56.48,In stock
933,sdv-id-uDQCak,Â£20.91,In stock
934,sdv-id-SaHMrv,Â£47.80,In stock
935,sdv-id-dKCNip,Â£49.43,In stock
936,sdv-id-DylGav,Â£50.44,In stock
937,sdv-id-BKuaun,Â£37.40,In stock
938,sdv-id-xcrLmt,Â£56.76,In stock
939,sdv-id-zyMXjC,Â£28.25,In stock
940,sdv-id-DjqEFC,Â£56.13,In stock
941,sdv-id-INQmYB,Â£54.11,In stock
942,sdv-id-LGusUJ,Â£15.85,In stock
943,sdv-id-DyLGMf,Â£19.57,In stock
944,sdv-id-hVaEob,Â£43.69,In stock
945,sdv-id-JyQVzD,Â£29.00,In stock
946,sdv-id-luHDwd,Â£44.73,In stock
947,sdv-id-BRLnig,Â£51.04,In stock
948,sdv-id-IPvMfZ,Â£35.63,In stock
949,sdv-id-NASxKe,Â£28.03,In stock
950,sdv-id-OdqBGZ,Â£55.65,In stock
951,sdv-id-yFcdCS,Â£19.69,In stock
952,sdv-id-btrjfk,Â£10.93,In stock
953,sdv-id-JwQUbc,Â£13.92,In stock
954,sdv-id-mRBMxf,Â£39.39,In stock
955,sdv-id-mjjznX,Â£38.77,In stock
956,sdv-id-wdKJFr,Â£16.28,In stock
957,sdv-id-AYnnkb,Â£22.37,In stock
958,sdv-id-aFtRlD,Â£23.99,In stock
959,sdv-id-evFLlk,Â£54.89,In stock
960,sdv-id-oxIrmJ,Â£17.21,In stock
961,sdv-id-sUGlnR,Â£57.36,In stock
962,sdv-id-rJCDWs,Â£36.91,In stock
963,sdv-id-IIsRbq,Â£37.19,In stock
964,sdv-id-PYRmhk,Â£33.14,In stock
965,sdv-id-FtDbuP,Â£34.13,In stock
966,sdv-id-lPJeHd,Â£24.91,In stock
967,sdv-id-nMwqBm,Â£39.58,In stock
968,sdv-id-gLhyDO,Â£48.51,In stock
969,sdv-id-NnEBFp,Â£29.99,In stock
970,sdv-id-VrZNGo,Â£37.51,In stock
971,sdv-id-yzmHjW,Â£34.56,In stock
972,sdv-id-VuNrvr,Â£21.59,In stock
973,sdv-id-JRwBgY,Â£50.83,In stock
974,sdv-id-pYVWQh,Â£20.75,In stock
975,sdv-id-YWuuDd,Â£49.83,In stock
976,sdv-id-UneLbt,Â£54.23,In stock
977,sdv-id-OHLOBa,Â£24.55,In stock
978,sdv-id-xbOzcA,Â£51.48,In stock
979,sdv-id-NQAuCI,Â£57.86,In stock
980,sdv-id-mlbplT,Â£22.54,In stock
981,sdv-id-DjxgeT,Â£12.86,In stock
982,sdv-id-DgoqBq,Â£25.48,In stock
983,sdv-id-DZZnIv,Â£17.44,In stock
984,sdv-id-nyAprH,Â£39.72,In stock
985,sdv-id-jbZzEo,Â£43.19,In stock
986,sdv-id-pwItNQ,Â£30.89,In stock
987,sdv-id-fjweQu,Â£31.12,In stock
988,sdv-id-EWoyzz,Â£59.92,In stock
989,sdv-id-hGSaaO,Â£33.26,In stock
990,sdv-id-OjKPrO,Â£47.31,In stock
991,sdv-id-QQFWLe,Â£17.08,In stock
992,sdv-id-mUaeSk,Â£38.95,In stock
993,sdv-id-JdwPQV,Â£21.96,In stock
994,sdv-id-tGuyNv,Â£49.46,In stock
995,sdv-id-EjTSac,Â£12.86,In stock
996,sdv-id-CsGtKk,Â£51.96,In stock
997,sdv-id-xsiYrQ,Â£48.71,In stock
998,sdv-id-TKWDWF,Â£21.82,In stock
